warning_code,candidate_id,detail
WALK_FORWARD_UNSTABLE,alpha_benchmark_relative_strength_20d__horizon_specific,cross-fold sign consistency 0.5 over 2 folds
WALK_FORWARD_UNSTABLE,alpha_benchmark_relative_strength_20d__horizon_specific__readiness_cross_sectional_zscore,cross-fold sign consistency 0.5 over 2 folds
WALK_FORWARD_UNSTABLE,alpha_benchmark_relative_strength_20d__liquidity_filtered,cross-fold sign consistency 0.5 over 2 folds
WALK_FORWARD_UNSTABLE,alpha_benchmark_relative_strength_20d__liquidity_filtered__readiness_cross_sectional_zscore,cross-fold sign consistency 0.5 over 2 folds
HOLDOUT_SIGN_UNSTABLE_1D,alpha_benchmark_relative_strength_20d__liquidity_filtered__readiness_winsorized_zscore,holdout sign consistency 0.55 < 0.6
HOLDOUT_SAMPLE_INSUFFICIENT,alpha_benchmark_relative_strength_20d__review_queue_conditioned,holdout valid rows 260 < 500
HOLDOUT_SIGN_UNSTABLE_1D,alpha_benchmark_relative_strength_20d__review_queue_conditioned,holdout sign consistency 0.55 < 0.6
HOLDOUT_SAMPLE_INSUFFICIENT,alpha_benchmark_relative_strength_20d__review_queue_conditioned__readiness_cross_sectional_zscore,holdout valid rows 260 < 500
HOLDOUT_SIGN_UNSTABLE_1D,alpha_benchmark_relative_strength_20d__review_queue_conditioned__readiness_cross_sectional_zscore,holdout sign consistency 0.55 < 0.6
HOLDOUT_SAMPLE_INSUFFICIENT,alpha_benchmark_relative_strength_20d__review_queue_conditioned__readiness_cross_sectional_rank,holdout valid rows 260 < 500
HOLDOUT_SIGN_UNSTABLE_1D,alpha_benchmark_relative_strength_20d__review_queue_conditioned__readiness_cross_sectional_rank,holdout sign consistency 0.55 < 0.6
HOLDOUT_SAMPLE_INSUFFICIENT,alpha_benchmark_relative_strength_20d__review_queue_conditioned__readiness_winsorized_zscore,holdout valid rows 260 < 500
HOLDOUT_SIGN_UNSTABLE_1D,alpha_benchmark_relative_strength_20d__review_queue_conditioned__readiness_winsorized_zscore,holdout sign consistency 0.55 < 0.6
WALK_FORWARD_UNSTABLE,alpha_benchmark_relative_strength_20d__risk_filtered,cross-fold sign consistency 0.5 over 2 folds
WALK_FORWARD_UNSTABLE,alpha_benchmark_relative_strength_20d__risk_filtered__readiness_cross_sectional_zscore,cross-fold sign consistency 0.5 over 2 folds
WALK_FORWARD_UNSTABLE,alpha_benchmark_relative_strength_20d__risk_filtered__readiness_cross_sectional_rank,cross-fold sign consistency 0.5 over 2 folds
WALK_FORWARD_UNSTABLE,alpha_benchmark_relative_strength_20d__risk_filtered__readiness_winsorized_zscore,cross-fold sign consistency 0.5 over 2 folds
HOLDOUT_SIGN_UNSTABLE_1D,alpha_downside_vol_adjusted_strength_20d__liquidity_filtered__readiness_cross_sectional_rank,holdout sign consistency 0.5 < 0.6
HOLDOUT_SIGN_UNSTABLE_1D,alpha_downside_vol_adjusted_strength_20d__liquidity_filtered__readiness_winsorized_zscore,holdout sign consistency 0.5 < 0.6
HOLDOUT_SAMPLE_INSUFFICIENT,alpha_downside_vol_adjusted_strength_20d__review_queue_conditioned,holdout valid rows 260 < 500
HOLDOUT_SAMPLE_INSUFFICIENT,alpha_downside_vol_adjusted_strength_20d__review_queue_conditioned__readiness_cross_sectional_zscore,holdout valid rows 260 < 500
HOLDOUT_SAMPLE_INSUFFICIENT,alpha_downside_vol_adjusted_strength_20d__review_queue_conditioned__readiness_cross_sectional_rank,holdout valid rows 260 < 500
HOLDOUT_SAMPLE_INSUFFICIENT,alpha_downside_vol_adjusted_strength_20d__review_queue_conditioned__readiness_winsorized_zscore,holdout valid rows 260 < 500
WALK_FORWARD_UNSTABLE,alpha_downside_vol_adjusted_strength_20d__risk_filtered,cross-fold sign consistency 0.5 over 2 folds
WALK_FORWARD_UNSTABLE,alpha_downside_vol_adjusted_strength_20d__risk_filtered__readiness_cross_sectional_zscore,cross-fold sign consistency 0.5 over 2 folds
WEAK_HOLDOUT_IC_1D,alpha_price_volume_confirmation_5d__downside_risk_filtered,|holdout mean IC 1d| 0.017993 < STRONG_IC_THRESHOLD 0.03
WALK_FORWARD_UNSTABLE,alpha_price_volume_confirmation_5d__downside_risk_filtered,cross-fold sign consistency 0.5 over 2 folds
WEAK_HOLDOUT_IC_1D,alpha_price_volume_confirmation_5d__downside_risk_filtered__readiness_cross_sectional_zscore,|holdout mean IC 1d| 0.017993 < STRONG_IC_THRESHOLD 0.03
WALK_FORWARD_UNSTABLE,alpha_price_volume_confirmation_5d__downside_risk_filtered__readiness_cross_sectional_zscore,cross-fold sign consistency 0.5 over 2 folds
WEAK_HOLDOUT_IC_1D,alpha_price_volume_confirmation_5d__downside_risk_filtered__readiness_cross_sectional_rank,|holdout mean IC 1d| 0.001392 < STRONG_IC_THRESHOLD 0.03
HOLDOUT_SIGN_UNSTABLE_1D,alpha_price_volume_confirmation_5d__downside_risk_filtered__readiness_cross_sectional_rank,holdout sign consistency 0.5217 < 0.6
WALK_FORWARD_UNSTABLE,alpha_price_volume_confirmation_5d__downside_risk_filtered__readiness_cross_sectional_rank,cross-fold sign consistency 0.5 over 2 folds
WALK_FORWARD_UNSTABLE,alpha_price_volume_confirmation_5d__downside_risk_filtered__readiness_winsorized_zscore,cross-fold sign consistency 0.5 over 2 folds
WEAK_HOLDOUT_IC_1D,alpha_price_volume_confirmation_5d__horizon_specific,|holdout mean IC 1d| 0.029816 < STRONG_IC_THRESHOLD 0.03
HOLDOUT_SIGN_UNSTABLE_1D,alpha_price_volume_confirmation_5d__horizon_specific,holdout sign consistency 0.4783 < 0.6
WALK_FORWARD_UNSTABLE,alpha_price_volume_confirmation_5d__horizon_specific,cross-fold sign consistency 0.5 over 2 folds
WEAK_HOLDOUT_IC_1D,alpha_price_volume_confirmation_5d__horizon_specific__readiness_cross_sectional_zscore,|holdout mean IC 1d| 0.029816 < STRONG_IC_THRESHOLD 0.03
HOLDOUT_SIGN_UNSTABLE_1D,alpha_price_volume_confirmation_5d__horizon_specific__readiness_cross_sectional_zscore,holdout sign consistency 0.4783 < 0.6
WALK_FORWARD_UNSTABLE,alpha_price_volume_confirmation_5d__horizon_specific__readiness_cross_sectional_zscore,cross-fold sign consistency 0.5 over 2 folds
WEAK_HOLDOUT_IC_1D,alpha_price_volume_confirmation_5d__horizon_specific__readiness_cross_sectional_rank,|holdout mean IC 1d| 0.016487 < STRONG_IC_THRESHOLD 0.03
HOLDOUT_SIGN_UNSTABLE_1D,alpha_price_volume_confirmation_5d__horizon_specific__readiness_cross_sectional_rank,holdout sign consistency 0.5652 < 0.6
WALK_FORWARD_UNSTABLE,alpha_price_volume_confirmation_5d__horizon_specific__readiness_cross_sectional_rank,cross-fold sign consistency 0.5 over 2 folds
WEAK_HOLDOUT_IC_1D,alpha_price_volume_confirmation_5d__horizon_specific__readiness_winsorized_zscore,|holdout mean IC 1d| 0.016038 < STRONG_IC_THRESHOLD 0.03
WALK_FORWARD_UNSTABLE,alpha_price_volume_confirmation_5d__horizon_specific__readiness_winsorized_zscore,cross-fold sign consistency 0.5 over 2 folds
WEAK_HOLDOUT_IC_1D,alpha_price_volume_confirmation_5d__liquidity_filtered,|holdout mean IC 1d| 0.024095 < STRONG_IC_THRESHOLD 0.03
HOLDOUT_SIGN_UNSTABLE_1D,alpha_price_volume_confirmation_5d__liquidity_filtered,holdout sign consistency 0.5217 < 0.6
WALK_FORWARD_UNSTABLE,alpha_price_volume_confirmation_5d__liquidity_filtered,cross-fold sign consistency 0.5 over 2 folds
WEAK_HOLDOUT_IC_1D,alpha_price_volume_confirmation_5d__liquidity_filtered__readiness_cross_sectional_zscore,|holdout mean IC 1d| 0.024095 < STRONG_IC_THRESHOLD 0.03
HOLDOUT_SIGN_UNSTABLE_1D,alpha_price_volume_confirmation_5d__liquidity_filtered__readiness_cross_sectional_zscore,holdout sign consistency 0.5217 < 0.6
WALK_FORWARD_UNSTABLE,alpha_price_volume_confirmation_5d__liquidity_filtered__readiness_cross_sectional_zscore,cross-fold sign consistency 0.5 over 2 folds
WEAK_HOLDOUT_IC_1D,alpha_price_volume_confirmation_5d__liquidity_filtered__readiness_cross_sectional_rank,|holdout mean IC 1d| 0.01875 < STRONG_IC_THRESHOLD 0.03
HOLDOUT_SIGN_UNSTABLE_1D,alpha_price_volume_confirmation_5d__liquidity_filtered__readiness_cross_sectional_rank,holdout sign consistency 0.5652 < 0.6
WALK_FORWARD_UNSTABLE,alpha_price_volume_confirmation_5d__liquidity_filtered__readiness_cross_sectional_rank,cross-fold sign consistency 0.5 over 2 folds
WEAK_HOLDOUT_IC_1D,alpha_price_volume_confirmation_5d__liquidity_filtered__readiness_winsorized_zscore,|holdout mean IC 1d| 0.006113 < STRONG_IC_THRESHOLD 0.03
HOLDOUT_SIGN_UNSTABLE_1D,alpha_price_volume_confirmation_5d__liquidity_filtered__readiness_winsorized_zscore,holdout sign consistency 0.4783 < 0.6
WALK_FORWARD_UNSTABLE,alpha_price_volume_confirmation_5d__liquidity_filtered__readiness_winsorized_zscore,cross-fold sign consistency 0.5 over 2 folds
HOLDOUT_SAMPLE_INSUFFICIENT,alpha_price_volume_confirmation_5d__review_queue_conditioned,holdout valid rows 52 < 500
HOLDOUT_SIGN_UNSTABLE_1D,alpha_price_volume_confirmation_5d__review_queue_conditioned,holdout sign consistency 0.5 < 0.6
WALK_FORWARD_UNSTABLE,alpha_price_volume_confirmation_5d__review_queue_conditioned,cross-fold sign consistency 0.5 over 3 folds
HOLDOUT_SAMPLE_INSUFFICIENT,alpha_price_volume_confirmation_5d__review_queue_conditioned__readiness_cross_sectional_zscore,holdout valid rows 52 < 500
HOLDOUT_SIGN_UNSTABLE_1D,alpha_price_volume_confirmation_5d__review_queue_conditioned__readiness_cross_sectional_zscore,holdout sign consistency 0.5 < 0.6
WALK_FORWARD_UNSTABLE,alpha_price_volume_confirmation_5d__review_queue_conditioned__readiness_cross_sectional_zscore,cross-fold sign consistency 0.5 over 3 folds
HOLDOUT_SAMPLE_INSUFFICIENT,alpha_price_volume_confirmation_5d__review_queue_conditioned__readiness_cross_sectional_rank,holdout valid rows 52 < 500
WALK_FORWARD_UNSTABLE,alpha_price_volume_confirmation_5d__review_queue_conditioned__readiness_cross_sectional_rank,cross-fold sign consistency 0.5 over 3 folds
HOLDOUT_SAMPLE_INSUFFICIENT,alpha_price_volume_confirmation_5d__review_queue_conditioned__readiness_winsorized_zscore,holdout valid rows 52 < 500
HOLDOUT_SIGN_UNSTABLE_1D,alpha_price_volume_confirmation_5d__review_queue_conditioned__readiness_winsorized_zscore,holdout sign consistency 0.5 < 0.6
WALK_FORWARD_UNSTABLE,alpha_price_volume_confirmation_5d__review_queue_conditioned__readiness_winsorized_zscore,cross-fold sign consistency 0.5 over 3 folds
WEAK_HOLDOUT_IC_1D,alpha_price_volume_confirmation_5d__risk_filtered,|holdout mean IC 1d| 0.02713 < STRONG_IC_THRESHOLD 0.03
HOLDOUT_SIGN_UNSTABLE_1D,alpha_price_volume_confirmation_5d__risk_filtered,holdout sign consistency 0.4783 < 0.6
WALK_FORWARD_UNSTABLE,alpha_price_volume_confirmation_5d__risk_filtered,cross-fold sign consistency 0.5 over 2 folds
WEAK_HOLDOUT_IC_1D,alpha_price_volume_confirmation_5d__risk_filtered__readiness_cross_sectional_zscore,|holdout mean IC 1d| 0.02713 < STRONG_IC_THRESHOLD 0.03
HOLDOUT_SIGN_UNSTABLE_1D,alpha_price_volume_confirmation_5d__risk_filtered__readiness_cross_sectional_zscore,holdout sign consistency 0.4783 < 0.6
WALK_FORWARD_UNSTABLE,alpha_price_volume_confirmation_5d__risk_filtered__readiness_cross_sectional_zscore,cross-fold sign consistency 0.5 over 2 folds
WALK_FORWARD_UNSTABLE,alpha_price_volume_confirmation_5d__risk_filtered__readiness_cross_sectional_rank,cross-fold sign consistency 0.5 over 2 folds
WEAK_HOLDOUT_IC_1D,alpha_price_volume_confirmation_5d__risk_filtered__readiness_winsorized_zscore,|holdout mean IC 1d| 0.009219 < STRONG_IC_THRESHOLD 0.03
HOLDOUT_SIGN_UNSTABLE_1D,alpha_price_volume_confirmation_5d__risk_filtered__readiness_winsorized_zscore,holdout sign consistency 0.5652 < 0.6
WALK_FORWARD_UNSTABLE,alpha_price_volume_confirmation_5d__risk_filtered__readiness_winsorized_zscore,cross-fold sign consistency 0.5 over 2 folds
HOLDOUT_SIGN_UNSTABLE_1D,alpha_risk_adjusted_relative_strength__liquidity_filtered__readiness_winsorized_zscore,holdout sign consistency 0.55 < 0.6
HOLDOUT_SAMPLE_INSUFFICIENT,alpha_risk_adjusted_relative_strength__review_queue_conditioned,holdout valid rows 260 < 500
HOLDOUT_SAMPLE_INSUFFICIENT,alpha_risk_adjusted_relative_strength__review_queue_conditioned__readiness_cross_sectional_zscore,holdout valid rows 260 < 500
HOLDOUT_SAMPLE_INSUFFICIENT,alpha_risk_adjusted_relative_strength__review_queue_conditioned__readiness_cross_sectional_rank,holdout valid rows 260 < 500
HOLDOUT_SAMPLE_INSUFFICIENT,alpha_risk_adjusted_relative_strength__review_queue_conditioned__readiness_winsorized_zscore,holdout valid rows 260 < 500
HOLDOUT_SIGN_UNSTABLE_1D,alpha_vol_adj_momentum_20d__liquidity_filtered,holdout sign consistency 0.5 < 0.6
HOLDOUT_SIGN_UNSTABLE_1D,alpha_vol_adj_momentum_20d__liquidity_filtered__readiness_cross_sectional_zscore,holdout sign consistency 0.5 < 0.6
HOLDOUT_SIGN_UNSTABLE_1D,alpha_vol_adj_momentum_20d__liquidity_filtered__readiness_cross_sectional_rank,holdout sign consistency 0.5 < 0.6
HOLDOUT_SIGN_UNSTABLE_1D,alpha_vol_adj_momentum_20d__liquidity_filtered__readiness_winsorized_zscore,holdout sign consistency 0.55 < 0.6
HOLDOUT_SAMPLE_INSUFFICIENT,alpha_vol_adj_momentum_20d__review_queue_conditioned,holdout valid rows 260 < 500
HOLDOUT_SAMPLE_INSUFFICIENT,alpha_vol_adj_momentum_20d__review_queue_conditioned__readiness_cross_sectional_zscore,holdout valid rows 260 < 500
HOLDOUT_SAMPLE_INSUFFICIENT,alpha_vol_adj_momentum_20d__review_queue_conditioned__readiness_cross_sectional_rank,holdout valid rows 260 < 500
HOLDOUT_SAMPLE_INSUFFICIENT,alpha_vol_adj_momentum_20d__review_queue_conditioned__readiness_winsorized_zscore,holdout valid rows 260 < 500
HOLDOUT_SIGN_UNSTABLE_1D,alpha_vol_adj_momentum_20d__review_queue_conditioned__readiness_winsorized_zscore,holdout sign consistency 0.55 < 0.6
WALK_FORWARD_UNSTABLE,alpha_vol_adj_momentum_20d__risk_filtered,cross-fold sign consistency 0.5 over 2 folds
WALK_FORWARD_UNSTABLE,alpha_vol_adj_momentum_20d__risk_filtered__readiness_cross_sectional_zscore,cross-fold sign consistency 0.5 over 2 folds
WEAK_HOLDOUT_IC_1D,alpha_vol_adj_momentum_5d__downside_risk_filtered,|holdout mean IC 1d| 0.009335 < STRONG_IC_THRESHOLD 0.03
HOLDOUT_SIGN_UNSTABLE_1D,alpha_vol_adj_momentum_5d__downside_risk_filtered,holdout sign consistency 0.5652 < 0.6
WALK_FORWARD_UNSTABLE,alpha_vol_adj_momentum_5d__downside_risk_filtered,cross-fold sign consistency 0.5 over 2 folds
WEAK_HOLDOUT_IC_1D,alpha_vol_adj_momentum_5d__downside_risk_filtered__readiness_cross_sectional_zscore,|holdout mean IC 1d| 0.009335 < STRONG_IC_THRESHOLD 0.03
HOLDOUT_SIGN_UNSTABLE_1D,alpha_vol_adj_momentum_5d__downside_risk_filtered__readiness_cross_sectional_zscore,holdout sign consistency 0.5652 < 0.6
WALK_FORWARD_UNSTABLE,alpha_vol_adj_momentum_5d__downside_risk_filtered__readiness_cross_sectional_zscore,cross-fold sign consistency 0.5 over 2 folds
WEAK_HOLDOUT_IC_1D,alpha_vol_adj_momentum_5d__downside_risk_filtered__readiness_cross_sectional_rank,|holdout mean IC 1d| 0.014767 < STRONG_IC_THRESHOLD 0.03
WALK_FORWARD_UNSTABLE,alpha_vol_adj_momentum_5d__downside_risk_filtered__readiness_cross_sectional_rank,cross-fold sign consistency 0.5 over 2 folds
WEAK_HOLDOUT_IC_1D,alpha_vol_adj_momentum_5d__downside_risk_filtered__readiness_winsorized_zscore,|holdout mean IC 1d| 0.020892 < STRONG_IC_THRESHOLD 0.03
WALK_FORWARD_UNSTABLE,alpha_vol_adj_momentum_5d__downside_risk_filtered__readiness_winsorized_zscore,cross-fold sign consistency 0.5 over 2 folds
WEAK_HOLDOUT_IC_1D,alpha_vol_adj_momentum_5d__horizon_specific,|holdout mean IC 1d| 0.007611 < STRONG_IC_THRESHOLD 0.03
HOLDOUT_SIGN_UNSTABLE_1D,alpha_vol_adj_momentum_5d__horizon_specific,holdout sign consistency 0.4348 < 0.6
WALK_FORWARD_UNSTABLE,alpha_vol_adj_momentum_5d__horizon_specific,cross-fold sign consistency 0.5 over 2 folds
WEAK_HOLDOUT_IC_1D,alpha_vol_adj_momentum_5d__horizon_specific__readiness_cross_sectional_zscore,|holdout mean IC 1d| 0.007611 < STRONG_IC_THRESHOLD 0.03
HOLDOUT_SIGN_UNSTABLE_1D,alpha_vol_adj_momentum_5d__horizon_specific__readiness_cross_sectional_zscore,holdout sign consistency 0.4348 < 0.6
WALK_FORWARD_UNSTABLE,alpha_vol_adj_momentum_5d__horizon_specific__readiness_cross_sectional_zscore,cross-fold sign consistency 0.5 over 2 folds
WEAK_HOLDOUT_IC_1D,alpha_vol_adj_momentum_5d__horizon_specific__readiness_cross_sectional_rank,|holdout mean IC 1d| 0.004671 < STRONG_IC_THRESHOLD 0.03
HOLDOUT_SIGN_UNSTABLE_1D,alpha_vol_adj_momentum_5d__horizon_specific__readiness_cross_sectional_rank,holdout sign consistency 0.4348 < 0.6
WEAK_HOLDOUT_IC_1D,alpha_vol_adj_momentum_5d__horizon_specific__readiness_winsorized_zscore,|holdout mean IC 1d| 0.00298 < STRONG_IC_THRESHOLD 0.03
HOLDOUT_SIGN_UNSTABLE_1D,alpha_vol_adj_momentum_5d__horizon_specific__readiness_winsorized_zscore,holdout sign consistency 0.5652 < 0.6
WALK_FORWARD_UNSTABLE,alpha_vol_adj_momentum_5d__horizon_specific__readiness_winsorized_zscore,cross-fold sign consistency 0.5 over 2 folds
WEAK_HOLDOUT_IC_1D,alpha_vol_adj_momentum_5d__liquidity_filtered,|holdout mean IC 1d| 0.021292 < STRONG_IC_THRESHOLD 0.03
HOLDOUT_SIGN_UNSTABLE_1D,alpha_vol_adj_momentum_5d__liquidity_filtered,holdout sign consistency 0.5217 < 0.6
WALK_FORWARD_UNSTABLE,alpha_vol_adj_momentum_5d__liquidity_filtered,cross-fold sign consistency 0.5 over 2 folds
WEAK_HOLDOUT_IC_1D,alpha_vol_adj_momentum_5d__liquidity_filtered__readiness_cross_sectional_zscore,|holdout mean IC 1d| 0.021292 < STRONG_IC_THRESHOLD 0.03
HOLDOUT_SIGN_UNSTABLE_1D,alpha_vol_adj_momentum_5d__liquidity_filtered__readiness_cross_sectional_zscore,holdout sign consistency 0.5217 < 0.6
WALK_FORWARD_UNSTABLE,alpha_vol_adj_momentum_5d__liquidity_filtered__readiness_cross_sectional_zscore,cross-fold sign consistency 0.5 over 2 folds
WEAK_HOLDOUT_IC_1D,alpha_vol_adj_momentum_5d__liquidity_filtered__readiness_cross_sectional_rank,|holdout mean IC 1d| 0.014158 < STRONG_IC_THRESHOLD 0.03
HOLDOUT_SIGN_UNSTABLE_1D,alpha_vol_adj_momentum_5d__liquidity_filtered__readiness_cross_sectional_rank,holdout sign consistency 0.5217 < 0.6
WALK_FORWARD_UNSTABLE,alpha_vol_adj_momentum_5d__liquidity_filtered__readiness_cross_sectional_rank,cross-fold sign consistency 0.5 over 2 folds
WEAK_HOLDOUT_IC_1D,alpha_vol_adj_momentum_5d__liquidity_filtered__readiness_winsorized_zscore,|holdout mean IC 1d| 0.011897 < STRONG_IC_THRESHOLD 0.03
HOLDOUT_SIGN_UNSTABLE_1D,alpha_vol_adj_momentum_5d__liquidity_filtered__readiness_winsorized_zscore,holdout sign consistency 0.5217 < 0.6
WALK_FORWARD_UNSTABLE,alpha_vol_adj_momentum_5d__liquidity_filtered__readiness_winsorized_zscore,cross-fold sign consistency 0.5 over 2 folds
HOLDOUT_SAMPLE_INSUFFICIENT,alpha_vol_adj_momentum_5d__review_queue_conditioned,holdout valid rows 299 < 500
WEAK_HOLDOUT_IC_1D,alpha_vol_adj_momentum_5d__review_queue_conditioned,|holdout mean IC 1d| 0.015179 < STRONG_IC_THRESHOLD 0.03
HOLDOUT_SIGN_UNSTABLE_1D,alpha_vol_adj_momentum_5d__review_queue_conditioned,holdout sign consistency 0.5652 < 0.6
WALK_FORWARD_UNSTABLE,alpha_vol_adj_momentum_5d__review_queue_conditioned,cross-fold sign consistency 0.5 over 2 folds
HOLDOUT_SAMPLE_INSUFFICIENT,alpha_vol_adj_momentum_5d__review_queue_conditioned__readiness_cross_sectional_zscore,holdout valid rows 299 < 500
WEAK_HOLDOUT_IC_1D,alpha_vol_adj_momentum_5d__review_queue_conditioned__readiness_cross_sectional_zscore,|holdout mean IC 1d| 0.015179 < STRONG_IC_THRESHOLD 0.03
HOLDOUT_SIGN_UNSTABLE_1D,alpha_vol_adj_momentum_5d__review_queue_conditioned__readiness_cross_sectional_zscore,holdout sign consistency 0.5652 < 0.6
WALK_FORWARD_UNSTABLE,alpha_vol_adj_momentum_5d__review_queue_conditioned__readiness_cross_sectional_zscore,cross-fold sign consistency 0.5 over 2 folds
HOLDOUT_SAMPLE_INSUFFICIENT,alpha_vol_adj_momentum_5d__review_queue_conditioned__readiness_cross_sectional_rank,holdout valid rows 299 < 500
WEAK_HOLDOUT_IC_1D,alpha_vol_adj_momentum_5d__review_queue_conditioned__readiness_cross_sectional_rank,|holdout mean IC 1d| 0.017075 < STRONG_IC_THRESHOLD 0.03
HOLDOUT_SIGN_UNSTABLE_1D,alpha_vol_adj_momentum_5d__review_queue_conditioned__readiness_cross_sectional_rank,holdout sign consistency 0.5217 < 0.6
WALK_FORWARD_UNSTABLE,alpha_vol_adj_momentum_5d__review_queue_conditioned__readiness_cross_sectional_rank,cross-fold sign consistency 0.5 over 2 folds
HOLDOUT_SAMPLE_INSUFFICIENT,alpha_vol_adj_momentum_5d__review_queue_conditioned__readiness_winsorized_zscore,holdout valid rows 299 < 500
HOLDOUT_SIGN_UNSTABLE_1D,alpha_vol_adj_momentum_5d__review_queue_conditioned__readiness_winsorized_zscore,holdout sign consistency 0.5652 < 0.6
WALK_FORWARD_UNSTABLE,alpha_vol_adj_momentum_5d__review_queue_conditioned__readiness_winsorized_zscore,cross-fold sign consistency 0.5 over 2 folds
WEAK_HOLDOUT_IC_1D,alpha_vol_adj_momentum_5d__risk_filtered,|holdout mean IC 1d| 0.009538 < STRONG_IC_THRESHOLD 0.03
HOLDOUT_SIGN_UNSTABLE_1D,alpha_vol_adj_momentum_5d__risk_filtered,holdout sign consistency 0.5217 < 0.6
WALK_FORWARD_UNSTABLE,alpha_vol_adj_momentum_5d__risk_filtered,cross-fold sign consistency 0.5 over 2 folds
WEAK_HOLDOUT_IC_1D,alpha_vol_adj_momentum_5d__risk_filtered__readiness_cross_sectional_zscore,|holdout mean IC 1d| 0.009538 < STRONG_IC_THRESHOLD 0.03
HOLDOUT_SIGN_UNSTABLE_1D,alpha_vol_adj_momentum_5d__risk_filtered__readiness_cross_sectional_zscore,holdout sign consistency 0.5217 < 0.6
WALK_FORWARD_UNSTABLE,alpha_vol_adj_momentum_5d__risk_filtered__readiness_cross_sectional_zscore,cross-fold sign consistency 0.5 over 2 folds
WEAK_HOLDOUT_IC_1D,alpha_vol_adj_momentum_5d__risk_filtered__readiness_cross_sectional_rank,|holdout mean IC 1d| 0.015823 < STRONG_IC_THRESHOLD 0.03
WEAK_HOLDOUT_IC_1D,alpha_vol_adj_momentum_5d__risk_filtered__readiness_winsorized_zscore,|holdout mean IC 1d| 0.0094 < STRONG_IC_THRESHOLD 0.03
HOLDOUT_SIGN_UNSTABLE_1D,alpha_vol_adj_momentum_5d__risk_filtered__readiness_winsorized_zscore,holdout sign consistency 0.5217 < 0.6
WALK_FORWARD_UNSTABLE,alpha_vol_adj_momentum_5d__risk_filtered__readiness_winsorized_zscore,cross-fold sign consistency 0.5 over 2 folds
