workflow_id,display_name,stage_or_goal,status,current_repo_role,implemented_in_repo,allowed_next_action,depends_on,produces_artifacts,primary_docs,primary_scripts,primary_outputs,promotion_rule,notes
project_operating_system,Project Operating System,Project Start,implemented_active,active_source_of_truth,true,maintain_and_update_on_every_goal,,PROJECT_STATE.md;README.md;CODEX.md;AGENTS.md;ROADMAP.md,PROJECT_STATE.md;README.md;CODEX.md;AGENTS.md;ROADMAP.md,scripts/run_current_trunk_validation.py,PROJECT_STATE.md,already_implemented_keep_validation_green,Canonical project memory and operating boundary.
universe_symbol_governance,Universe / Symbol Governance,Project Start,implemented_active,active_source_of_truth,true,maintain_approved_and_blocked_boundaries,project_operating_system,configs/universe/approved_symbols.csv;configs/universe/blocked_symbols.csv,docs/architecture/ACTIVE_WORKFLOW_THROUGH_GOAL06B.md,scripts/run_safety_gate.py,configs/universe/approved_symbols.csv;configs/universe/blocked_symbols.csv,already_implemented_keep_validation_green,Approved symbols only; blocked symbols cannot enter active outputs.
data_provider_source_health,Data / Provider / Source Health,GOAL-04.5,implemented_active,active_source_of_truth,true,maintain_source_health_contracts,universe_symbol_governance,configs/providers/source_health_contract.csv,docs/02_DATA_ENGINE.md,scripts/audit_existing_modules.py,configs/providers/source_health_contract.csv,already_implemented_keep_validation_green,Provider availability remains separate from approval.
context_contract_layers,Market / Sector / Stock / Event / NLP Contract Layers,GOAL-04.5,implemented_active,active_source_of_truth,true,maintain_contract_layers,data_provider_source_health,outputs/features/daily_premarket_signal_snapshot.csv,docs/architecture/ACTIVE_WORKFLOW_THROUGH_GOAL06B.md,scripts/build_pit_signal_snapshot.py,outputs/features/daily_premarket_signal_snapshot.csv,already_implemented_keep_validation_green,Review-only metadata and contract layers; no real NLP scoring promotion.
pit_signal_store,PIT Signal Store,GOAL-05A,implemented_active,active_source_of_truth,true,maintain_pit_signal_snapshot,context_contract_layers,outputs/features/daily_premarket_signal_snapshot.csv;outputs/audits/pit_signal_snapshot_audit.md,docs/architecture/ACTIVE_WORKFLOW_THROUGH_GOAL06B.md,scripts/build_pit_signal_snapshot.py;scripts/audit_pit_signal_snapshot.py,outputs/features/daily_premarket_signal_snapshot.csv;outputs/audits/pit_signal_snapshot_audit.md,already_implemented_keep_validation_green,PIT-safe premarket signal snapshot.
label_builder,Label Builder,GOAL-05B,implemented_active,active_source_of_truth,true,maintain_label_contract,pit_signal_store,outputs/labels/daily_label_snapshot.csv,docs/architecture/ACTIVE_WORKFLOW_THROUGH_GOAL06B.md,scripts/build_label_snapshot.py;scripts/audit_label_snapshot.py,outputs/labels/daily_label_snapshot.csv;outputs/audits/label_snapshot_audit.md,already_implemented_keep_validation_green,Labels remain post-target and excluded from live features.
benchmark_contract,Benchmark Contract,GOAL-05B,implemented_active,active_source_of_truth,true,maintain_benchmark_adjustment,label_builder,outputs/labels/daily_label_snapshot.csv,docs/architecture/ACTIVE_WORKFLOW_THROUGH_GOAL06B.md,scripts/build_label_snapshot.py,outputs/labels/daily_label_snapshot.csv,already_implemented_keep_validation_green,Benchmark-adjusted labels are review-only.
feature_label_merge,Feature-Label Merge,GOAL-05C,implemented_active,active_source_of_truth,true,maintain_model_ready_candidate_dataset,label_builder;benchmark_contract,outputs/datasets/model_ready_candidate_dataset.csv,docs/architecture/ACTIVE_WORKFLOW_THROUGH_GOAL06B.md,scripts/build_model_ready_candidate_dataset.py,outputs/datasets/model_ready_candidate_dataset.csv,already_implemented_keep_validation_green,Feature-label join keeps labels out of scoring features.
leakage_audit,Leakage Audit,GOAL-05C,implemented_active,active_source_of_truth,true,maintain_no_lookahead_checks,feature_label_merge,outputs/audits/leakage_audit_report.md,docs/architecture/ACTIVE_WORKFLOW_THROUGH_GOAL06B.md,scripts/audit_feature_label_leakage.py,outputs/audits/leakage_audit_report.md,already_implemented_keep_validation_green,No-lookahead and excluded-column checks.
stage6a_repair_panel,Stage 6A Repair Panel,GOAL-06A,implemented_active,active_source_of_truth,true,maintain_repair_panel,leakage_audit,outputs/stage6a/STAGE6A_repair_candidate_dataset.csv,docs/architecture/ACTIVE_WORKFLOW_THROUGH_GOAL06B.md,scripts/run_stage6a_blocker_repair.py,outputs/stage6a/STAGE6A_repair_candidate_dataset.csv,already_implemented_keep_validation_green,No-network repair panel for Stage 6A.
goal06a_baseline_scoring,GOAL-06A Baseline Scoring Skeleton,GOAL-06A,implemented_active,active_source_of_truth,true,maintain_review_only_scoring,stage6a_repair_panel,outputs/stage6a/STAGE6A_baseline_score_snapshot.csv,docs/architecture/ACTIVE_WORKFLOW_THROUGH_GOAL06B.md,scripts/run_baseline_scoring_skeleton.py;scripts/audit_baseline_scoring_skeleton.py,outputs/stage6a/STAGE6A_baseline_score_snapshot.csv;outputs/audits/baseline_scoring_skeleton_audit.md,already_implemented_keep_validation_green,Scores are review-only and not recommendations.
goal06b_supervised_baseline_gate,GOAL-06B Supervised Baseline Training Gate,GOAL-06B,implemented_active,active_source_of_truth,true,maintain_review_only_training_gate,goal06a_baseline_scoring,outputs/stage6b/STAGE6B_training_dataset.csv;outputs/models/goal06b/baseline_training_summary.json,docs/architecture/ACTIVE_WORKFLOW_THROUGH_GOAL06B.md,scripts/run_supervised_baseline_training.py;scripts/audit_supervised_baseline_training.py,outputs/stage6b/STAGE6B_training_dataset.csv;outputs/models/goal06b/baseline_training_summary.json,already_implemented_keep_validation_green,Review-only pilot gate; no production model promotion.
validation_verification_diagnostics,Validation / Verification / Diagnostics,GOAL-06B,implemented_active,active_source_of_truth,true,maintain_required_gates,goal06b_supervised_baseline_gate,outputs/audits/e2e_trunk_validation_report_through_goal06b.md;outputs/audits/e2e_trunk_verification_report_through_goal06b.md;outputs/diagnostics/workflow_diagnostic_summary.md,docs/validation/E2E_VALIDATION_THROUGH_GOAL06B.md,scripts/run_e2e_trunk_validation_through_goal06b.py;scripts/run_e2e_trunk_verification_through_goal06b.py;scripts/run_workflow_diagnostics.py,outputs/audits/e2e_trunk_validation_report_through_goal06b.md;outputs/audits/e2e_trunk_verification_report_through_goal06b.md;outputs/diagnostics/workflow_diagnostic_summary.md,already_implemented_keep_validation_green,Diagnostics reads results but does not drive business logic.
safety_gate,Safety Gate,GOAL-06B,implemented_active,active_source_of_truth,true,maintain_locked_boundaries,validation_verification_diagnostics,outputs/audits/safety_gate_report.md,docs/validation/E2E_VALIDATION_THROUGH_GOAL06B.md,scripts/run_safety_gate.py,outputs/audits/safety_gate_report.md,already_implemented_keep_validation_green,Audits locked downstream imports and forbidden artifacts.
adapter_audit,Adapter Audit,GOAL-06B,implemented_active,active_source_of_truth,true,maintain_public_wrapper_surface,validation_verification_diagnostics,outputs/audits/adapter_audit_report.md,docs/validation/E2E_VALIDATION_THROUGH_GOAL06B.md,scripts/run_adapter_audit.py,outputs/audits/adapter_audit_report.md,already_implemented_keep_validation_green,Checks public wrappers and compatibility surface.
goal06c_expanded_validation_ranking,GOAL-06C Expanded Validation and Ranking Baseline,GOAL-06C,implemented_review_only,review_only_validation_extension,true,next_allowed_goal06d_review_only,goal06b_supervised_baseline_gate;validation_verification_diagnostics,outputs/stage6c/STAGE6C_expanded_validation_dataset.csv;outputs/stage6c/STAGE6C_ranking_baseline_scores.csv;outputs/stage6c/STAGE6C_ranking_metrics.csv;outputs/stage6c/STAGE6C_walk_forward_diagnostics.csv,docs/architecture/FULL_PROGRAM_ROADMAP_AFTER_CLEAN_BOOTSTRAP.md;docs/architecture/CANONICAL_WORKFLOW_STATUS.md,scripts/run_goal06c_expanded_validation.py;scripts/build_stage6c_expanded_validation_dataset.py;scripts/run_stage6c_ranking_baselines.py;scripts/run_stage6c_walk_forward_validation.py,outputs/audits/stage6c_readiness_report.md,implemented_review_only_after_goal06c_readiness_pass_with_warnings,Review-only expanded validation and ranking baseline; not a recommendation or production scoring workflow.
goal06c5_engineering_data_coverage_storage_panel_expansion,GOAL-06C.5 Engineering Data Coverage + Storage + Panel Expansion,GOAL-06C.5,implemented_review_only,engineering_data_foundation,true,block_goal06d_until_engineering_pilot,goal06c_expanded_validation_ranking,outputs/audits/storage_policy_audit.md;outputs/audits/data_source_coverage_audit.md;outputs/stage6c/STAGE6C_engineering_expanded_validation_dataset_sample.csv;outputs/audits/engineering_panel_readiness_report.md,docs/storage/DATA_STORAGE_ARCHITECTURE.md;docs/storage/PROVIDER_INGESTION_CONTRACT.md;docs/architecture/REPLACE_DO_NOT_DUPLICATE_POLICY.md,scripts/audit_storage_policy.py;scripts/audit_data_source_coverage.py;scripts/rebuild_stage6c_from_engineering_panel.py,outputs/audits/engineering_panel_readiness_report.md,implemented_review_only_after_goal06c5_readiness_pass_with_warnings,Engineering data contracts and panel expansion gate; initial clean-bootstrap panel was contract_demo and GOAL-06D remains gated until later engineering_pilot evidence.
goal06c6_source_backed_engineering_pilot_bundle,GOAL-06C.6 Source-Backed Engineering Pilot Bundle,GOAL-06C.6,implemented_review_only,engineering_data_foundation,true,block_goal06d_until_engineering_pilot,goal06c5_engineering_data_coverage_storage_panel_expansion,outputs/audits/source_backed_bundle_manifest_summary.json;outputs/audits/source_backed_local_bundle_audit.md;outputs/stage6c/STAGE6C_source_backed_engineering_panel_coverage_summary.csv;outputs/audits/goal06c6_readiness_report.md,docs/storage/PROVIDER_INGESTION_CONTRACT.md;docs/architecture/FULL_PROGRAM_ROADMAP_AFTER_CLEAN_BOOTSTRAP.md,scripts/run_goal06c6_source_backed_engineering_pilot_bundle.py;scripts/audit_source_backed_local_bundle.py;scripts/audit_stage6c_source_backed_engineering_panel.py,outputs/audits/goal06c6_readiness_report.md,implemented_review_only_after_goal06c6_readiness_with_source_backed_evidence,AKShare/provider ingestion gate; network disabled by default; GOAL-06D remains blocked unless source-backed panel reaches engineering_pilot.
goal06c6a_scoped_finance_network_failure_taxonomy,GOAL-06C.6A Scoped Finance Network Isolation and Failure Taxonomy,GOAL-06C.6A,implemented_review_only,engineering_data_foundation,true,block_goal06d_until_engineering_pilot,goal06c6_source_backed_engineering_pilot_bundle,outputs/audits/provider_failure_events.csv;outputs/audits/provider_failure_summary.json;outputs/audits/goal06c6_network_isolation_report.md;outputs/audits/goal06c6_failure_taxonomy_report.md;outputs/audits/cloakbrowser_reference_ingestion_report.md;outputs/audits/cloakbrowser_reference_problem_tags.csv,docs/storage/PROVIDER_INGESTION_CONTRACT.md;PROJECT_STATE.md,scripts/audit_provider_failure_classification.py;scripts/run_goal06c6_source_backed_engineering_pilot_bundle.py;scripts/run_cloakbrowser_reference_probe.py,outputs/audits/provider_failure_summary.md;outputs/audits/cloakbrowser_reference_ingestion_report.md,implemented_review_only_after_goal06c6a_taxonomy_pass_with_warnings,Finance-only scoped network evidence and provider failure taxonomy; explicit CloakBrowser reference probe is tag-only and does not unlock GOAL-06D.
goal06c7_provider_ladder_browser_assisted_engineering_data_base_expansion,GOAL-06C.7 Provider Ladder Engineering Data Base Expansion,GOAL-06C.7,implemented_review_only,engineering_data_foundation,true,allow_goal06d_review_only_after_engineering_pilot,goal06c6_source_backed_engineering_pilot_bundle;goal06c6a_scoped_finance_network_failure_taxonomy,outputs/audits/source_backed_bundle_manifest_summary.json;outputs/audits/browser_assisted_provider_audit.json;outputs/audits/workflow_cleanliness_audit.md;outputs/audits/goal06c7_readiness_report.md,docs/storage/PROVIDER_INGESTION_CONTRACT.md;PROJECT_STATE.md;docs/architecture/FULL_PROGRAM_ROADMAP_AFTER_CLEAN_BOOTSTRAP.md,scripts/run_goal06c7_provider_ladder_engineering_data_base_expansion.py;scripts/run_browser_assisted_finance_ingestion.py;scripts/audit_browser_assisted_provider.py;scripts/audit_workflow_cleanliness.py,outputs/audits/goal06c7_readiness_report.md,implemented_review_only_after_goal06c7_provider_ladder_readiness,Provider ladder gate with akshare_direct browser_assisted_optional local_import and future_vendor placeholder; browser-assisted provider is disabled by default and requires explicit CLI plus env opt-in; GOAL-06D review-only entry is allowed only after engineering_pilot evidence.
goal06d_model_comparison_calibration,GOAL-06D Model Comparison Calibration Stability Governance Gate,GOAL-06D,implemented_review_only,review_only_model_governance_gate,true,fix_goal06d_model_stability_or_calibration_warnings,goal06c7_provider_ladder_browser_assisted_engineering_data_base_expansion,outputs/models/goal06d/model_comparison_summary.csv;outputs/audits/goal06d_readiness_report.md,PROJECT_STATE.md;docs/architecture/CANONICAL_WORKFLOW_STATUS.md;docs/10_PROGRAM_ROADMAP_AND_ARCHITECTURE.md,scripts/run_goal06d_model_comparison_calibration.py;scripts/audit_goal06d_feature_contract.py;scripts/audit_goal06d_split.py;scripts/audit_goal06d_model_comparison.py;scripts/audit_goal06d_calibration.py;scripts/audit_goal06d_stability.py;scripts/audit_goal06d_governance.py;scripts/audit_goal06d_boundary_locks.py,outputs/audits/goal06d_readiness_report.md;outputs/models/goal06d/model_comparison_summary.csv,implemented_review_only_after_goal06d_readiness,"Review-only model comparison/calibration/stability gate; no recommendation, position, risk, dashboard, trading, production, or DQN/RL output."
goal07a_risk_overlay_design,GOAL-07A Risk Overlay Design,GOAL-07A,future_design_only,locked_future_design_only,false,locked_until_goal06d_pass,goal06d_model_comparison_calibration,,docs/architecture/FULL_PROGRAM_ROADMAP_AFTER_CLEAN_BOOTSTRAP.md,,,design_only_future_no_calculation_until_explicit_goal,"Design-only future; no risk overlay calculation, recommendation, position, dashboard, trading, or production output."
goal07b_risk_overlay_calculation,GOAL-07B Risk Overlay Calculation,LOCKED_DOWNSTREAM,locked_future,locked_downstream_boundary,false,remain_locked,goal07a_risk_overlay_design,,docs/architecture/FULL_PROGRAM_ROADMAP_AFTER_CLEAN_BOOTSTRAP.md;docs/10_PROGRAM_ROADMAP_AND_ARCHITECTURE.md,,,locked_until_explicit_future_goal,Locked downstream workflow; not active in GOAL-06D.
position_band_recommendation,Recommendation / Position Band Output,LOCKED_DOWNSTREAM,locked_future,locked_downstream_boundary,false,remain_locked,goal07a_risk_overlay_design,,docs/architecture/FULL_PROGRAM_ROADMAP_AFTER_CLEAN_BOOTSTRAP.md;docs/10_PROGRAM_ROADMAP_AND_ARCHITECTURE.md,,,locked_until_explicit_future_goal,Locked downstream workflow; not active in GOAL-06D.
dashboard_daily_report,Dashboard / Daily Report UI,LOCKED_DOWNSTREAM,locked_future,locked_downstream_boundary,false,remain_locked,goal07a_risk_overlay_design,,docs/architecture/FULL_PROGRAM_ROADMAP_AFTER_CLEAN_BOOTSTRAP.md;docs/10_PROGRAM_ROADMAP_AND_ARCHITECTURE.md,,,locked_until_explicit_future_goal,Locked downstream workflow; not active in GOAL-06D.
paper_trading_journal,Paper Trading Journal,LOCKED_DOWNSTREAM,locked_future,locked_downstream_boundary,false,remain_locked,goal07a_risk_overlay_design,,docs/architecture/FULL_PROGRAM_ROADMAP_AFTER_CLEAN_BOOTSTRAP.md;docs/10_PROGRAM_ROADMAP_AND_ARCHITECTURE.md,,,locked_until_explicit_future_goal,Locked downstream workflow; not active in GOAL-06D.
broker_live_trading,Broker / Live Trading,LOCKED_DOWNSTREAM,locked_future,locked_downstream_boundary,false,remain_locked,goal07a_risk_overlay_design,,docs/architecture/FULL_PROGRAM_ROADMAP_AFTER_CLEAN_BOOTSTRAP.md;docs/10_PROGRAM_ROADMAP_AND_ARCHITECTURE.md,,,locked_until_explicit_future_goal,Locked downstream workflow; not active in GOAL-06D.
production_db_writes,Production DB Writes,LOCKED_DOWNSTREAM,locked_future,locked_downstream_boundary,false,remain_locked,goal07a_risk_overlay_design,,docs/architecture/FULL_PROGRAM_ROADMAP_AFTER_CLEAN_BOOTSTRAP.md;docs/10_PROGRAM_ROADMAP_AND_ARCHITECTURE.md,,,locked_until_explicit_future_goal,Locked downstream workflow; not active in GOAL-06D.
production_model_promotion,Production Model Promotion,LOCKED_DOWNSTREAM,locked_future,locked_downstream_boundary,false,remain_locked,goal07a_risk_overlay_design,,docs/architecture/FULL_PROGRAM_ROADMAP_AFTER_CLEAN_BOOTSTRAP.md;docs/10_PROGRAM_ROADMAP_AND_ARCHITECTURE.md,,,locked_until_explicit_future_goal,Locked downstream workflow; not active in GOAL-06D.
signal_backtest,Signal Backtest,LOCKED_DOWNSTREAM,locked_future,locked_downstream_boundary,false,remain_locked,goal07a_risk_overlay_design,,docs/architecture/FULL_PROGRAM_ROADMAP_AFTER_CLEAN_BOOTSTRAP.md;docs/10_PROGRAM_ROADMAP_AND_ARCHITECTURE.md,,,locked_until_explicit_future_goal,Locked downstream workflow; not active in GOAL-06D.
portfolio_backtest,Portfolio Backtest,LOCKED_DOWNSTREAM,locked_future,locked_downstream_boundary,false,remain_locked,goal07a_risk_overlay_design,,docs/architecture/FULL_PROGRAM_ROADMAP_AFTER_CLEAN_BOOTSTRAP.md;docs/10_PROGRAM_ROADMAP_AND_ARCHITECTURE.md,,,locked_until_explicit_future_goal,Locked downstream workflow; not active in GOAL-06D.
cost_slippage_sensitivity,Cost / Slippage Sensitivity,LOCKED_DOWNSTREAM,locked_future,locked_downstream_boundary,false,remain_locked,goal07a_risk_overlay_design,,docs/architecture/FULL_PROGRAM_ROADMAP_AFTER_CLEAN_BOOTSTRAP.md;docs/10_PROGRAM_ROADMAP_AND_ARCHITECTURE.md,,,locked_until_explicit_future_goal,Locked downstream workflow; not active in GOAL-06D.
failure_attribution,Failure Attribution,LOCKED_DOWNSTREAM,locked_future,locked_downstream_boundary,false,remain_locked,goal07a_risk_overlay_design,,docs/architecture/FULL_PROGRAM_ROADMAP_AFTER_CLEAN_BOOTSTRAP.md;docs/10_PROGRAM_ROADMAP_AND_ARCHITECTURE.md,,,locked_until_explicit_future_goal,Locked downstream workflow; not active in GOAL-06D.
production_hardening,Production Hardening,LOCKED_DOWNSTREAM,locked_future,locked_downstream_boundary,false,remain_locked,goal07a_risk_overlay_design,,docs/architecture/FULL_PROGRAM_ROADMAP_AFTER_CLEAN_BOOTSTRAP.md;docs/10_PROGRAM_ROADMAP_AND_ARCHITECTURE.md,,,locked_until_explicit_future_goal,Locked downstream workflow; not active in GOAL-06D.
dqn_rl_mainline,DQN/RL Mainline,DELETED_MAINLINE,deleted_from_active_mainline,deleted_from_active_mainline,false,remain_deleted_unless_explicit_optional_research_goal,,,docs/architecture/FULL_PROGRAM_ROADMAP_AFTER_CLEAN_BOOTSTRAP.md;docs/10_PROGRAM_ROADMAP_AND_ARCHITECTURE.md,,,deleted_from_active_mainline,DQN/RL is deleted from active mainline and is not part of GOAL-06D.
