artifact_name,row_count,column_count,duplicate_key_count,date_min,date_max,unique_entities,missing_required_column_count,missing_value_share,no_lookahead_status,pit_policy_status,provider_health_status,artifact_size_bytes,commit_policy_status,quality_status,warning_count,notes
outputs/data_expansion/goal_data_expansion_research01/source_selection.csv,70,18,0,,,70,0,0.0277777778,passed_current_or_past_only,pit_available_date_or_provider_timestamp_present,PASS_WITH_WARNINGS,29643,bounded_normalized_committed_no_raw_payload,PASS,0,bounded_research_only_artifact
outputs/data_expansion/goal_data_expansion_research01/provider_health.csv,29,16,0,,,29,0,0.1099137931,passed_current_or_past_only,pit_available_date_or_provider_timestamp_present,PASS_WITH_WARNINGS,7980,bounded_normalized_committed_no_raw_payload,PASS,0,bounded_research_only_artifact
outputs/data_expansion/goal_data_expansion_research01/trading_calendar_status_context.csv,6000,15,0,2025-11-19,2026-05-21,50,0,0.0000000000,passed_current_or_past_only,pit_available_date_or_provider_timestamp_present,PASS_WITH_WARNINGS,2232254,bounded_normalized_committed_no_raw_payload,PASS,0,bounded_research_only_artifact
outputs/data_expansion/goal_data_expansion_research01/broad_index_regime_panel.csv,360,21,0,2025-11-19,2026-05-21,3,0,0.3884920635,passed_current_or_past_only,pit_available_date_or_provider_timestamp_present,PASS_WITH_WARNINGS,92408,bounded_normalized_committed_no_raw_payload,PASS_WITH_WARNINGS,1,bounded_research_only_artifact
outputs/data_expansion/goal_data_expansion_research01/sector_concept_regime_panel.csv,360,25,0,2025-11-19,2026-05-21,3,0,0.2730000000,passed_current_or_past_only,pit_available_date_or_provider_timestamp_present,PASS_WITH_WARNINGS,140011,bounded_normalized_committed_no_raw_payload,PASS_WITH_WARNINGS,1,bounded_research_only_artifact
outputs/data_expansion/goal_data_expansion_research01/liquidity_capital_flow_panel.csv,120,23,0,2025-11-19,2026-05-21,1,0,0.3478260870,passed_current_or_past_only,pit_available_date_or_provider_timestamp_present,PASS_WITH_WARNINGS,43269,bounded_normalized_committed_no_raw_payload,PASS_WITH_WARNINGS,1,bounded_research_only_artifact
outputs/data_expansion/goal_data_expansion_research01/symbol_event_context.csv,10,16,0,2025-12-01,2025-12-12,1,0,0.0000000000,passed_current_or_past_only,pit_available_date_or_provider_timestamp_present,PASS_WITH_WARNINGS,3238,bounded_normalized_committed_no_raw_payload,PASS_WITH_WARNINGS,1,bounded_research_only_artifact
outputs/data_expansion/goal_data_expansion_research01/expanded_date_regime_feature_panel.csv,120,24,0,2025-11-19,2026-05-21,120,0,0.0065972222,passed_current_or_past_only,pit_available_date_or_provider_timestamp_present,PASS_WITH_WARNINGS,69198,bounded_normalized_committed_no_raw_payload,PASS,0,bounded_research_only_artifact
outputs/data_expansion/goal_data_expansion_research01/expanded_symbol_context_panel.csv,6000,21,0,2025-11-19,2026-05-21,50,0,0.0476984127,passed_current_or_past_only,pit_available_date_or_provider_timestamp_present,PASS_WITH_WARNINGS,2445424,bounded_normalized_committed_no_raw_payload,PASS,0,bounded_research_only_artifact
