group_type,group_value,row_count,unique_symbols,unique_trade_dates,forward_return_1d_available_rows,mean_forward_return_1d,median_forward_return_1d,hit_rate_1d,benchmark_excess_return_1d_available_rows,mean_benchmark_excess_return_1d,positive_excess_rate_1d,forward_return_5d_available_rows,mean_forward_return_5d,median_forward_return_5d,hit_rate_5d,benchmark_excess_return_5d_available_rows,mean_benchmark_excess_return_5d,positive_excess_rate_5d,forward_return_20d_available_rows,mean_forward_return_20d,median_forward_return_20d,hit_rate_20d,benchmark_excess_return_20d_available_rows,mean_benchmark_excess_return_20d,positive_excess_rate_20d
symbol,000001.SZ,120,1,120,120,-0.0007905532,-0.0017301038,0.3916666667,120,-0.0012905190,0.3666666667,120,-0.0036719982,-0.0066445640,0.3333333333,120,-0.0073711226,0.3416666667,120,-0.0092162226,-0.0114426609,0.3833333333,120,-0.0211683192,0.2750000000
symbol,000002.SZ,120,1,120,120,-0.0043799508,-0.0042290102,0.3750000000,120,-0.0048799167,0.3750000000,120,-0.0227045120,-0.0179222902,0.2916666667,120,-0.0264036364,0.2416666667,120,-0.0759185244,-0.0639846092,0.1833333333,120,-0.0878706210,0.1333333333
symbol,000063.SZ,120,1,120,120,-0.0004732879,0.0000000000,0.4916666667,120,-0.0009732538,0.4416666667,120,-0.0015598239,-0.0022952141,0.4833333333,120,-0.0052589483,0.4583333333,120,-0.0120200716,-0.0256782798,0.3750000000,120,-0.0239721682,0.3333333333
symbol,000100.SZ,120,1,120,120,0.0005858988,-0.0020562825,0.4416666667,120,0.0000859329,0.4000000000,120,0.0050118036,0.0060606308,0.5333333333,120,0.0013126792,0.4333333333,120,0.0163513289,0.0157739939,0.5583333333,120,0.0043992323,0.4833333333
symbol,000157.SZ,120,1,120,120,-0.0005815314,-0.0011256496,0.4583333333,120,-0.0010814973,0.4500000000,120,-0.0024550054,0.0005636979,0.5000000000,120,-0.0061541297,0.4750000000,120,-0.0146578279,-0.0213639901,0.4666666667,120,-0.0266099245,0.4000000000
symbol,000166.SZ,120,1,120,120,-0.0014783286,-0.0019744279,0.3833333333,120,-0.0019782945,0.4000000000,120,-0.0065457337,-0.0050673252,0.3833333333,120,-0.0102448581,0.2583333333,120,-0.0254936012,-0.0307814388,0.2416666667,120,-0.0374456978,0.1083333333
symbol,000333.SZ,120,1,120,120,0.0003722736,0.0001907113,0.5083333333,120,-0.0001276923,0.4416666667,120,0.0010208752,-0.0001901864,0.4916666667,120,-0.0026782492,0.4250000000,120,0.0033130135,0.0022238095,0.5166666667,120,-0.0086390831,0.4166666667
symbol,000338.SZ,120,1,120,120,0.0062323885,0.0027278301,0.5500000000,120,0.0057324226,0.5333333333,120,0.0325238340,0.0237569291,0.7166666667,120,0.0288247097,0.6416666667,120,0.1191385327,0.1069101110,0.7416666667,120,0.1071864361,0.6916666667
symbol,000425.SZ,120,1,120,120,-0.0000583618,-0.0022805353,0.4500000000,120,-0.0005583277,0.4750000000,120,-0.0016471038,-0.0027807401,0.4833333333,120,-0.0053462282,0.4500000000,120,-0.0161070067,-0.0205738781,0.3916666667,120,-0.0280591033,0.3000000000
symbol,000538.SZ,120,1,120,120,-0.0010063769,-0.0007061692,0.4500000000,120,-0.0015063428,0.4083333333,120,-0.0050607638,-0.0039642131,0.4416666667,120,-0.0087598882,0.3750000000,120,-0.0193913961,-0.0101530742,0.3250000000,120,-0.0313434927,0.3250000000
symbol,000568.SZ,120,1,120,120,-0.0033661148,-0.0032504153,0.3666666667,120,-0.0038660806,0.3833333333,120,-0.0157622194,-0.0171855573,0.2666666667,120,-0.0194613438,0.2250000000,120,-0.0631632746,-0.0679217403,0.1250000000,120,-0.0751153712,0.1666666667
symbol,000596.SZ,120,1,120,120,-0.0043801759,-0.0066746313,0.4083333333,120,-0.0048801418,0.3833333333,120,-0.0226363017,-0.0284928416,0.2833333333,120,-0.0263354260,0.2333333333,120,-0.0887784861,-0.0944671836,0.0833333333,120,-0.1007305827,0.0416666667
symbol,000651.SZ,120,1,120,120,-0.0002507656,-0.0008967410,0.4583333333,120,-0.0007507314,0.4416666667,120,-0.0014476621,-0.0036420782,0.3833333333,120,-0.0051467864,0.4333333333,120,-0.0083641468,-0.0108810635,0.3583333333,120,-0.0203162434,0.2500000000
symbol,000725.SZ,120,1,120,120,0.0025207749,-0.0011467890,0.4666666667,120,0.0020208090,0.4583333333,120,0.0168417920,0.0047847164,0.5416666667,120,0.0131426677,0.4916666667,120,0.0753350360,0.0470880525,0.6666666667,120,0.0633829394,0.5666666667
symbol,000776.SZ,120,1,120,120,-0.0013285158,-0.0023523909,0.4333333333,120,-0.0018284817,0.4166666667,120,-0.0048530776,-0.0084679483,0.3833333333,120,-0.0085522019,0.3500000000,120,-0.0110320317,-0.0328126040,0.4666666667,120,-0.0229841283,0.4250000000
symbol,000786.SZ,120,1,120,120,0.0001575462,-0.0023442122,0.4583333333,120,-0.0003424196,0.3666666667,120,-0.0025564750,-0.0043175850,0.4500000000,120,-0.0062555994,0.4166666667,120,-0.0171636692,-0.0101209412,0.4250000000,120,-0.0291157658,0.2833333333
symbol,000895.SZ,120,1,120,120,-0.0004626681,-0.0015111932,0.4333333333,120,-0.0009626340,0.4916666667,120,-0.0031172752,-0.0065168776,0.4333333333,120,-0.0068163995,0.4333333333,120,-0.0146571501,-0.0122821593,0.4250000000,120,-0.0266092467,0.3750000000
symbol,000938.SZ,120,1,120,120,0.0017035312,-0.0004048607,0.4916666667,120,0.0012035653,0.5083333333,120,0.0085268080,0.0085736432,0.5833333333,120,0.0048276837,0.5166666667,120,0.0233576220,0.0158101768,0.5583333333,120,0.0114055254,0.5500000000
symbol,000963.SZ,120,1,120,120,-0.0028081984,-0.0026241013,0.3833333333,120,-0.0033081642,0.3750000000,120,-0.0135738231,-0.0147077967,0.3083333333,120,-0.0172729474,0.2583333333,120,-0.0584214372,-0.0600455876,0.1083333333,120,-0.0703735339,0.1083333333
symbol,001979.SZ,120,1,120,120,-0.0005882054,-0.0033574806,0.4333333333,120,-0.0010881712,0.3666666667,120,-0.0035411614,-0.0103211145,0.4083333333,120,-0.0072402857,0.3666666667,120,-0.0113644495,-0.0237557777,0.4083333333,120,-0.0233165461,0.3166666667
symbol,002236.SZ,120,1,120,120,-0.0004385681,-0.0007843844,0.4666666667,120,-0.0009385340,0.4000000000,120,-0.0017053542,0.0017654631,0.5166666667,120,-0.0054044785,0.4583333333,120,-0.0172801323,-0.0327188292,0.3666666667,120,-0.0292322289,0.2416666667
symbol,002241.SZ,120,1,120,120,-0.0006265106,-0.0003745319,0.4916666667,120,-0.0011264764,0.4583333333,120,-0.0004167969,0.0031879252,0.5250000000,120,-0.0041159213,0.4166666667,120,-0.0231209699,-0.0302052627,0.3666666667,120,-0.0350730665,0.2666666667
symbol,002271.SZ,120,1,120,120,0.0013916301,-0.0009894317,0.4583333333,120,0.0008916642,0.4666666667,120,0.0048109825,0.0062701596,0.5500000000,120,0.0011118582,0.4916666667,120,0.0084374604,0.0169926186,0.5250000000,120,-0.0035146362,0.4416666667
symbol,002304.SZ,120,1,120,120,-0.0035825531,-0.0031926661,0.3666666667,120,-0.0040825190,0.3583333333,120,-0.0167280644,-0.0109308435,0.2833333333,120,-0.0204271888,0.2583333333,120,-0.0622275976,-0.0637433013,0.1166666667,120,-0.0741796943,0.0666666667
symbol,002311.SZ,120,1,120,120,-0.0018903645,-0.0043079236,0.4250000000,120,-0.0023903304,0.4250000000,120,-0.0089448727,-0.0093568327,0.4000000000,120,-0.0126439971,0.4083333333,120,-0.0326840395,-0.0344994917,0.2666666667,120,-0.0446361361,0.2833333333
symbol,002352.SZ,120,1,120,120,-0.0009485658,-0.0014456677,0.4250000000,120,-0.0014485317,0.4666666667,120,-0.0040370175,-0.0038414445,0.4416666667,120,-0.0077361418,0.3916666667,120,-0.0173348369,-0.0211103957,0.3083333333,120,-0.0292869335,0.2250000000
symbol,002371.SZ,120,1,120,120,0.0042788204,0.0014470305,0.5333333333,120,0.0037788545,0.4833333333,120,0.0224103432,0.0097803215,0.6333333333,120,0.0187112189,0.6000000000,120,0.0748345796,0.0594826428,0.6916666667,120,0.0628824830,0.6750000000
symbol,002415.SZ,120,1,120,120,0.0004907697,-0.0005007989,0.4833333333,120,-0.0000091962,0.4833333333,120,0.0028148877,0.0045515916,0.5416666667,120,-0.0008842366,0.4666666667,120,0.0089271546,-0.0063015219,0.4500000000,120,-0.0030249420,0.5083333333
symbol,002459.SZ,120,1,120,120,-0.0024695243,-0.0008738889,0.4916666667,120,-0.0029694902,0.4250000000,120,-0.0104601956,-0.0067842128,0.3833333333,120,-0.0141593200,0.3416666667,120,-0.0419220375,-0.0206516894,0.3916666667,120,-0.0538741341,0.3583333333
symbol,002460.SZ,120,1,120,120,0.0008884219,-0.0003341130,0.4916666667,120,0.0003884560,0.4916666667,120,0.0077064575,0.0044926771,0.5416666667,120,0.0040073331,0.5000000000,120,0.0273676200,0.0370926874,0.6166666667,120,0.0154155234,0.5916666667
symbol,002466.SZ,120,1,120,120,0.0009005933,0.0021769582,0.5250000000,120,0.0004006274,0.4916666667,120,0.0085226385,0.0220105595,0.5583333333,120,0.0048235142,0.5500000000,120,0.0385487302,0.0340357960,0.5750000000,120,0.0265966336,0.5916666667
symbol,002475.SZ,120,1,120,120,0.0024594078,-0.0036489411,0.4416666667,120,0.0019594420,0.4250000000,120,0.0139433841,0.0074691380,0.5333333333,120,0.0102442597,0.4750000000,120,0.0442244422,-0.0085071727,0.4750000000,120,0.0322723455,0.4500000000
symbol,002493.SZ,120,1,120,120,0.0010802529,0.0010143746,0.5083333333,120,0.0005802870,0.5000000000,120,0.0088535047,0.0082617363,0.5250000000,120,0.0051543804,0.5083333333,120,0.0410279716,0.0390602468,0.5750000000,120,0.0290758750,0.4666666667
symbol,002594.SZ,120,1,120,120,0.0000383471,-0.0026802494,0.4666666667,120,-0.0004616188,0.4166666667,120,0.0012571545,-0.0006665332,0.4750000000,120,-0.0024419698,0.4250000000,120,-0.0019311744,-0.0015398229,0.4833333333,120,-0.0138832710,0.3083333333
symbol,002601.SZ,120,1,120,120,-0.0007873656,0.0019826844,0.5333333333,120,-0.0012873315,0.4916666667,120,-0.0052969493,-0.0013649387,0.4833333333,120,-0.0089960736,0.4416666667,120,-0.0248381514,-0.0209101790,0.4250000000,120,-0.0367902480,0.3833333333
symbol,002714.SZ,120,1,120,120,-0.0016446204,-0.0031923357,0.4000000000,120,-0.0021445862,0.4166666667,120,-0.0092392477,-0.0142727988,0.4250000000,120,-0.0129383721,0.3583333333,120,-0.0467567613,-0.0460285660,0.3083333333,120,-0.0587088579,0.2500000000
symbol,002736.SZ,120,1,120,120,-0.0023129868,-0.0019514675,0.4500000000,120,-0.0028129527,0.4000000000,120,-0.0103532667,-0.0100420703,0.3333333333,120,-0.0140523911,0.2500000000,120,-0.0394934288,-0.0391245893,0.1916666667,120,-0.0514455254,0.1166666667
symbol,002812.SZ,120,1,120,120,0.0021218853,0.0000000000,0.4916666667,120,0.0016219195,0.4750000000,120,0.0130023813,0.0000000000,0.4916666667,120,0.0093032570,0.5000000000,120,0.0461133679,0.0521248833,0.6250000000,120,0.0341612713,0.5750000000
symbol,002821.SZ,120,1,120,120,0.0030426410,-0.0005923268,0.4833333333,120,0.0025426751,0.4583333333,120,0.0147200221,0.0064132998,0.5250000000,120,0.0110208978,0.4833333333,120,0.0454160658,0.0269017460,0.6083333333,120,0.0334639692,0.6000000000
symbol,002841.SZ,120,1,120,120,0.0000907863,0.0003914761,0.5083333333,120,-0.0004091796,0.4583333333,120,0.0013035067,-0.0008568812,0.4916666667,120,-0.0023956177,0.4916666667,120,-0.0057137404,-0.0148535950,0.4333333333,120,-0.0176658370,0.3583333333
symbol,002916.SZ,120,1,120,120,0.0060613783,0.0000995686,0.5000000000,120,0.0055614124,0.4750000000,120,0.0336174873,0.0316048925,0.6416666667,120,0.0299183630,0.6500000000,120,0.1333328075,0.1267910190,0.8500000000,120,0.1213807109,0.8583333333
symbol,002920.SZ,120,1,120,120,0.0004872054,-0.0051178359,0.4583333333,120,-0.0000127605,0.4333333333,120,0.0017117647,-0.0025673816,0.4583333333,120,-0.0019873597,0.3583333333,120,-0.0152009829,-0.0346427322,0.3250000000,120,-0.0271530795,0.2666666667
symbol,300014.SZ,120,1,120,120,-0.0013412029,-0.0008236123,0.5000000000,120,-0.0018411688,0.4166666667,120,-0.0043473411,-0.0071464469,0.4166666667,120,-0.0080464654,0.3916666667,120,-0.0209399985,-0.0288110373,0.3500000000,120,-0.0328920951,0.2916666667
symbol,300015.SZ,120,1,120,120,-0.0020960043,-0.0042121079,0.3916666667,120,-0.0025959701,0.3833333333,120,-0.0092119212,-0.0104946770,0.3250000000,120,-0.0129110456,0.2833333333,120,-0.0401322827,-0.0522549666,0.2833333333,120,-0.0520843793,0.2083333333
symbol,300033.SZ,120,1,120,120,-0.0024790439,-0.0019734823,0.4750000000,120,-0.0029790098,0.4333333333,120,-0.0104605744,-0.0109434803,0.4083333333,120,-0.0141596988,0.3916666667,120,-0.0536252879,-0.0680654157,0.2583333333,120,-0.0655773845,0.2333333333
symbol,300059.SZ,120,1,120,120,-0.0016849051,-0.0016685864,0.4500000000,120,-0.0021848710,0.3916666667,120,-0.0071940858,-0.0082609155,0.4000000000,120,-0.0108932101,0.3166666667,120,-0.0322989973,-0.0420257131,0.2916666667,120,-0.0442510939,0.1333333333
symbol,300122.SZ,120,1,120,120,-0.0029763969,-0.0025630905,0.4333333333,120,-0.0034763628,0.3666666667,120,-0.0154343561,-0.0143977040,0.4000000000,120,-0.0191334805,0.2833333333,120,-0.0689594279,-0.0618094603,0.1333333333,120,-0.0809115245,0.0833333333
symbol,300124.SZ,120,1,120,120,0.0011346272,-0.0017676772,0.4833333333,120,0.0006346614,0.4750000000,120,0.0058786310,0.0051098342,0.5416666667,120,0.0021795066,0.5166666667,120,0.0092508564,-0.0148982566,0.4750000000,120,-0.0027012402,0.4583333333
symbol,300502.SZ,120,1,120,120,0.0061827916,0.0024427132,0.5333333333,120,0.0056828257,0.5250000000,120,0.0369230811,0.0277294986,0.6000000000,120,0.0332239567,0.6166666667,120,0.1178286213,0.1375100374,0.6416666667,120,0.1058765247,0.6500000000
symbol,300628.SZ,120,1,120,120,0.0011297144,0.0000000000,0.4916666667,120,0.0006297485,0.4833333333,120,0.0054526404,0.0067537472,0.5583333333,120,0.0017535160,0.5083333333,120,0.0128734603,0.0291054668,0.6083333333,120,0.0009213637,0.5416666667
